<?xml version="1.0" encoding="UTF-8"?>
<smil>
    <body>
        <seq>
            <audio type="tts">
                <dynscript>
                    <text>Walk with me...</text>
                </dynscript>
            </audio>
            <audio type="tts" inTime="3sec">
                <dynscript>
                    <text>I can see you’re in St Peter’s Square in Manchester today, the sun is shining and it’s 3pm.</text>
                    <text>What stories do you want to hear today?</text>
                </dynscript>
            </audio>
            <audio type="tts" inTime="3sec">
                <dynscript>
                    <text>Local history, great. Here’s a story you might like...</text>
                </dynscript>
            </audio>
            <audio volLeft="0.1" volRight="0.1" src="AUDIO/Clip1-Peterloo_Massacre.mp3"></audio>
            <audio inTime="1sec" type="tts">
                <dynscript>
                    <text>There are six replies to this story, would you like to hear one?</text>
                </dynscript>
            </audio>
            <audio volLeft="0.1" volRight="0.1" inTime="3sec" src="AUDIO/Clip2_Response_on_Massacre.mp3"></audio>
            <audio inTime="1sec" type="tts">
                <dynscript>
                    <text>I’ve noticed you’re now in Castlefield, what kind of stories would you like to hear?</text>
                </dynscript>
            </audio>
            <!-- SPEAK - How about some personal memories? -->
            <audio inTime="4sec" type="tts">
                <dynscript>
                    <text>Ok, great. Here’s one from today</text>
                </dynscript>
            </audio>
            <audio volLeft="0.1" volRight="0.1" inTime="3sec" src="AUDIO/Castlefield.mp3"></audio>
            <audio inTime="2sec" type="tts">
                <dynscript>
                    <text>Would you like to hear more stories, or record your own?</text>
                </dynscript>
            </audio>
            <!-- SPEAK - hear more stories -->
            <audio volLeft="0.1" volRight="0.1" inTime="3sec" src="AUDIO/Finally_in_Manchester.mp3"></audio>
            <!-- SPEAK - not today -->
            <audio inTime="3sec" type="tts">
                <dynscript>
                    <text>Ok, here’s some more stories to listen to.</text>
                </dynscript>
            </audio>
        </seq>
  </body>
</smil>
